Audio File,MSE,L1 Loss,PSNR
sample1.wav,0.0011863509425893426,0.030230099335312843,32.043477628281195
sample2.wav,0.00024355067580472678,0.005415535531938076,39.941502243874055
